,Random Forest,Support Vector Machine,LogisticRegression,KNN,Decision Tree
recall,0.2,0.82,0.56,0.36,0.3
precision,0.10752688172043011,0.11714285714285715,0.10727969348659004,0.11042944785276074,0.13043478260869565
F1_score,0.13986013986013987,0.20500000000000002,0.18006430868167203,0.16901408450704222,0.18181818181818182
accuracy_score,0.8792934249263984,0.6879293424926398,0.7497546614327772,0.8263002944062807,0.8675171736997056
